{
  "epoch_f1": {
    "0": 0.6071881952030117,
    "1": 0.6527632382510297,
    "2": 0.7145438381078262,
    "3": 0.7215739930184372,
    "4": 0.7303964907824418,
    "5": 0.7258853857406636,
    "6": 0.737082843219961,
    "7": 0.7289978825770241,
    "8": 0.7463526704764464,
    "9": 0.7436505154979883,
    "10": 0.7500823809320117,
    "11": 0.7390790251937521,
    "12": 0.7328509227203226,
    "13": 0.7494791704459557,
    "14": 0.7459346042091168,
    "15": 0.7552103609120848,
    "16": 0.7602311080908887,
    "17": 0.7730811570023843,
    "18": 0.7520801892924003,
    "19": 0.7681178464658975
  },
  "best_f1": 0.7730811570023843,
  "best_epoch": 17
}